num,app,category,description,auth,self_serve,gated_reason,api_surface,mcp_exists,buildability_verdict,blocker,evidence_url,confidence
1,Salesforce,CRM and Sales,"Cloud-based CRM platform for managing sales, service, marketing, and customer data",OAuth2,self-serve,,"extensive, full platform - REST, SOAP, GraphQL, Bulk, Streaming, and Metadata APIs covering nearly all CRM objects and platform features",True,yes,,https://developer.salesforce.com/docs/apis,high
2,HubSpot,CRM and Sales,"Cloud-based CRM and marketing/sales/service platform for managing contacts, deals, marketing, and customer support",OAuth2 (public apps) and private-app access tokens (API key-like bearer tokens),self-serve,,"extensive, full platform - REST APIs (v3) covering CRM objects, marketing, sales, service, CMS, workflows, webhooks, plus GraphQL for CRM data",True,yes,,https://developers.hubspot.com/ai-tools/mcp,high
3,Pipedrive,CRM and Sales,"Sales-focused CRM platform for managing pipelines, deals, contacts, and sales activities",API key (token) and OAuth2,self-serve,,"extensive, full platform - REST API v1 and v2 covering deals, persons, organizations, activities, products, leads, pipelines, webhooks, etc.",True,yes,,https://developers.pipedrive.com/docs/api/v1,high
4,Attio,CRM and Sales,"Attio is a flexible, data-model-driven CRM platform for managing companies, people, deals, and sales workflows.",API key (bearer access token) and OAuth2,self-serve,,"extensive, full platform REST API covering objects/records, lists, notes, tasks, comments, webhooks, and workspace members; docs at developers.attio.com",True,yes,,https://docs.attio.com/rest-api/tutorials/connect-an-app-through-oauth,high
5,Twenty,CRM and Sales,"Open-source CRM platform for managing contacts, companies, deals/opportunities, and custom objects.",API key (Bearer token); OAuth2 also supported for some integrations,self-serve,,"Extensive, documented REST and GraphQL API covering full CRUD on people, companies, opportunities, tasks, notes, and custom objects, plus webhooks; broad enough to cover most core CRM data operations",True,yes,,https://docs.twenty.com/developers/api-and-webhooks/api,high
6,Podio,CRM and Sales,"Customizable work-management and CRM platform where teams build apps/workflows to track projects, contacts, and deals",OAuth2 (with API key/Client ID + Client Secret registration),self-serve,,"extensive, full platform - REST API covering apps, items, tasks, spaces, contacts, files, comments, hooks, and more (100+ endpoints)",False,yes,,https://developers.podio.com/authentication,high
7,Zoho CRM,CRM and Sales,"Cloud-based CRM software for managing sales pipelines, leads, contacts, and customer engagement across channels.",OAuth2,self-serve,,"extensive, full platform - documented REST API (v2/v6) covering modules, records, notes, workflows, functions, bulk read/write, and metadata across the whole CRM object model",True,yes,,https://www.zoho.com/crm/developer/docs/api/v2/,medium
8,Close,CRM and Sales,"Close is an inside-sales CRM combining pipeline management with built-in calling, email, and SMS communication tools.","API key (HTTP Basic Auth, key as username/blank password); OAuth2 also supported for published integrations",self-serve,,"extensive, full-platform REST API (leads, contacts, opportunities, tasks, calls, SMS, emails, custom fields, search, webhooks, reporting) with interactive docs/explorer at developer.close.com",False,yes,,https://developer.close.com/,high
9,Copper,CRM and Sales,"Copper is a CRM built for Google Workspace that helps sales teams manage contacts, companies, leads, opportunities, and pipelines.","API key (token + user email header) and OAuth2 (Authorization Code Grant, non-expiring tokens)",self-serve,,"extensive - documented REST API (developer.copper.com) covering people, companies, leads, opportunities, projects, tasks, activities, custom fields, and webhooks; multiple third-party MCP servers already exist (e.g. 39-tool and 32-operation implementations)",True,yes,,https://developer.copper.com/introduction/authentication.html,high
10,DealCloud,CRM and Sales,"DealCloud is a deal, relationship, and pipeline management CRM platform built for private equity, investment banking, and other capital markets firms.",OAuth2 (client credentials flow using client_id + API key to obtain a bearer token),gated,"API keys/credentials can only be generated by an existing DealCloud customer admin from within a live tenant (via user Profile settings), so access requires a paid DealCloud subscription rather than free/trial developer signup","documented REST API covering data (objects/entries), schema, lists, users, files, and reporting endpoints plus Python/C# SDKs — moderately broad, full platform CRUD but tenant-scoped rather than a large public multi-tenant API",False,partial,requires an existing paid DealCloud tenant with admin-enabled API key/OAuth credentials; no public free-tier or sandbox for outside developers,https://api.docs.dealcloud.com/docs/token,medium
11,Zendesk,Support and Helpdesk,"Cloud-based customer service and support ticketing platform with helpdesk, live chat, and knowledge base tools","OAuth2 (primary/recommended) and API token with Basic auth (legacy, deprecated Apr 2027)",self-serve,,"extensive, full platform - REST APIs covering Tickets, Users, Organizations, Help Center, Chat, Talk, Search, Webhooks, etc. (hundreds of endpoints)",True,yes,,https://developer.zendesk.com/api-reference/introduction/security-and-auth/,high
12,Intercom,Support and Helpdesk,"Customer messaging platform providing live chat, helpdesk, and AI-powered support (Fin) for businesses to communicate with customers",OAuth2 (and API key/access tokens for private apps),self-serve,,"extensive, full platform - documented REST API (api.intercom.io) covering contacts, conversations, tickets, articles, admins, companies, data attributes, plus webhooks and a Canvas Kit for building apps; no official GraphQL API",True,yes,,https://developers.intercom.com/docs/references/rest-api/api.intercom.io/,high
13,Freshdesk,Support and Helpdesk,"Cloud-based customer support helpdesk software for ticketing, omnichannel support, and knowledge base management.","API key (HTTP Basic Auth, key as username, any string as password)",self-serve,,"extensive, full platform - REST v2 API covering tickets, contacts, companies, agents, groups, conversations, solutions/knowledge base, time entries, and more (dozens of endpoints)",True,yes,,https://developer.freshdesk.com/api/v1/,high
14,Front,Support and Helpdesk,"Front is a customer communication/helpdesk platform that unifies email, chat, and messaging channels into shared team inboxes with automation and collaboration tools.",OAuth2 and API key (API tokens),self-serve,,"extensive, full platform REST API (Core API covering conversations, messages, contacts, inboxes, tags, teammates, channels, rules, etc.) plus a webhooks and application/OAuth framework",True,yes,,https://dev.frontapp.com/docs/mcp-server,high
15,Pylon,Support and Helpdesk,"B2B customer support/helpdesk platform (shared Slack/Teams support, ticketing, knowledge base) for companies to manage customer issues and accounts",API key (Bearer token),self-serve,,"Documented REST API covering issues, accounts, contacts, teams, users, knowledge base, and 'me' endpoints — moderate breadth, roughly 20-30 endpoints; official remote MCP server also exists at mcp.usepylon.com (OAuth-based)",True,yes,,https://docs.usepylon.com/pylon-docs/developer/api/authentication,high
16,LiveAgent,Support and Helpdesk,"LiveAgent is a cloud-based helpdesk and live chat platform that unifies email, chat, calls, and social media into one ticketing system.",API key,self-serve,,"Extensive, full-platform REST API v3 (tickets, contacts, companies, tags, departments, agents, chat, etc.), documented per-instance at https://YOURDOMAIN.ladesk.com/docs/api/v3/; official Python client also exists",False,yes,,https://support.liveagent.com/741982-API-key,high
17,Plain,Support and Helpdesk,"Plain is a modern B2B customer support / helpdesk platform (shared inbox, ticketing, Slack-based support) built for software companies",API key,self-serve,,"extensive, full-platform GraphQL API covering threads, customers, tenants, labels, workflows, webhooks, etc.",False,yes,,https://www.plain.com/docs/graphql/authentication,medium
18,Help Scout,Support and Helpdesk,"Help Scout is a customer support/helpdesk platform providing shared inbox, live chat, knowledge base, and customer messaging tools.",OAuth2 (authorization code and client credentials grants); legacy API key support also documented,self-serve,,"extensive, full platform - Mailbox API v2 (REST/JSON) covers conversations, customers, mailboxes, users, tags, workflows, webhooks, and more, plus separate Docs API for knowledge base",False,yes,,https://developer.helpscout.com/mailbox-api/overview/authentication/,high
19,Gorgias,Support and Helpdesk,"Gorgias is an ecommerce-focused helpdesk platform that centralizes customer support tickets, live chat, and social/email channels with automation and AI agents.",API key (Basic Auth) for private apps; OAuth2 for public/marketplace apps,self-serve,,"extensive, full platform REST API (tickets, customers, tags, macros, integrations, satisfaction surveys, teams, etc.) plus an official MCP server at mcp.gorgias.com/mcp (beta, included on every helpdesk plan)",True,yes,,https://developers.gorgias.com/docs/access-tokens-api-keys,high
20,Gladly,Support and Helpdesk,"Gladly is a customer service platform that unifies all channels (voice, email, chat, SMS, social) into a single customer-centric timeline for agents.",token (API token via HTTP Basic Auth in Authorization header),gated,API tokens can only be created by a user with the 'API User' permission inside an existing paid Gladly account/admin console — no public self-signup or free trial for API access.,"moderate, REST API (developer.gladly.com/rest) covering customers, conversations, tasks, payments, and app platform/webhooks — not a huge endpoint count but reasonably full-featured for helpdesk workflows",False,partial,Requires an existing paid Gladly customer account with admin-level API User permission to generate credentials; no open developer signup,https://developer.gladly.com/rest/,medium
21,Slack,Communications and Messaging,"Team messaging and collaboration platform with channels, DMs, and workflow automation.",OAuth2 (plus bot/user tokens and legacy API tokens for internal apps),self-serve,,"extensive, full platform - Web API with 200+ REST-style methods (chat, conversations, users, files, admin, workflows) plus Events API, Socket Mode, and Block Kit; some admin/Enterprise Grid scopes require workspace admin approval",True,yes,,https://docs.slack.dev/authentication/installing-with-oauth/,high
22,Twilio,Communications and Messaging,"Cloud communications platform providing programmable APIs for SMS, voice, WhatsApp, video, and email messaging.","API key (Account SID + Auth Token / API Key-Secret, Basic Auth over HTTPS), with OAuth2 available for some Twilio products",self-serve,,"extensive, full platform - documented REST API with 1,800+ endpoints across 30+ products (SMS, Voice, Video, WhatsApp, Verify, etc.)",True,yes,,https://www.twilio.com/docs/ai/mcp,high
23,Zoho Cliq,Communications and Messaging,"Business team chat/messaging platform with channels, bots, and workflow automation.",OAuth2,self-serve,,"extensive, full platform - REST API v2/v3 covering messages, channels, chats, bots, users, plus a bot/webhook platform (incoming/outgoing webhooks, message handlers, slash commands, widgets)",True,yes,,https://www.zoho.com/cliq/help/restapi/v3/introduction/,high
24,Lark (Larksuite),Communications and Messaging,"All-in-one collaboration suite (chat/messaging, docs, sheets, calendar, approval, drive) with an extensive Open Platform API for building custom apps and bots",OAuth2 (user_access_token) plus app-credential tokens (App ID/App Secret -> tenant_access_token/app_access_token),self-serve,,"extensive, full platform - hundreds of REST endpoints across messaging, bots/events, docs, sheets, calendar, contacts, approval, drive, attendance",True,yes,,https://open.larksuite.com/document/server-docs/getting-started/api-access-token/app-access-token-development-guide,high
25,Pumble,Communications and Messaging,"Pumble is a team chat and messaging app (Slack alternative) offering channels, DMs, and video calls for workplace communication.",API key,self-serve,,"narrow, documented REST API (~10-20 endpoints) covering messaging, channels, and users, aimed at bots/integrations",False,partial,"API surface is limited mainly to messaging/bot use cases, lacking deeper admin/workspace management endpoints, and no existing MCP server",https://pumble.com/help/apps-and-integrations/pumble-api/,medium
26,Discord,Communications and Messaging,"Discord is a chat platform providing voice, video, and text communication organized into servers and channels for communities and teams.",OAuth2 and bot token (API key-style),self-serve,,"extensive, full platform - documented REST API plus real-time Gateway (WebSocket) covering messaging, channels, guilds/servers, users, voice, webhooks, interactions/slash commands, and more (hundreds of endpoints/events)",True,yes,,https://discord.com/developers/docs/intro,high
27,Telegram,Communications and Messaging,"Cloud-based instant messaging platform offering chat, voice/video, channels, and bots via its Bot API and client (MTProto) API.",token (bot token via BotFather for Bot API; api_id/api_hash + phone auth for MTProto client API),self-serve,,"extensive, full platform - Bot API has 100+ methods (messages, media, inline queries, payments, webhooks, groups/channels management) plus a separate low-level MTProto Client API for full user-account automation",True,yes,,https://core.telegram.org/bots/api,high
28,WhatsApp Business,Communications and Messaging,"Cloud API letting businesses send/receive WhatsApp messages, manage templates, phone numbers, and business profiles programmatically.","OAuth2 / token (Meta system-user and business-integration access tokens, Bearer auth)",gated,"Free test-number sandbox exists, but production use requires a verified Meta Business Manager account, phone number registration, and Meta approval of message templates/display name.","extensive, full platform - Graph API-based endpoints for messages, media, templates, phone numbers, business management, webhooks, flows, and commerce/catalog",True,yes,Business verification and template/number approval gate production access even though the API itself is well-documented and broad,https://developers.facebook.com/documentation/business-messaging/whatsapp/get-started,high
29,Aircall,Communications and Messaging,"Cloud-based phone system and call center software with click-to-dial, call routing, and CRM/helpdesk integrations",Basic (api_id/api_token) for own-account apps; OAuth2 for marketplace/partner apps,self-serve,,"extensive, full platform - calls, contacts, users, teams, numbers, webhooks, SMS, IVR/dialer endpoints documented at developer.aircall.io",True,yes,,https://developer.aircall.io/api-references/,high
30,Vonage,Communications and Messaging,"Cloud communications platform providing APIs for SMS, voice calls, WhatsApp/RCS messaging, verification/2FA, and video.",API key,self-serve,,"extensive, full platform (SMS, Voice, Verify, WhatsApp/RCS Messages, Video, Number Insight, JWT-secured Applications API) with signup and free trial credit",True,yes,,https://developer.vonage.com/en/getting-started/concepts/authentication,high
31,Google Ads,"Marketing, Ads, Email and Social","API for programmatically creating, managing, and reporting on Google Ads advertising campaigns.",OAuth2 (plus a required Google-issued developer token),gated,Requires a Google Ads developer token whose production-level access must be manually reviewed and approved by Google; only limited test-account access is available immediately.,"extensive, full platform (Google Ads API covers campaigns, ad groups, ads, bidding, reporting via GAQL, conversions, audiences, etc. across hundreds of resources); no official MCP server, though some community/unofficial MCP wrappers exist",False,partial,"Production API access requires Google's developer token approval process (basic/standard access review), which can take days to weeks and requires an active Google Ads account and compliance with Google's ads policies.",https://developers.google.com/google-ads/api/docs/get-started/dev-token,high
32,Meta Ads,"Marketing, Ads, Email and Social","Meta's Marketing API lets developers create, manage, and analyze ad campaigns across Facebook, Instagram, Messenger, and Audience Network programmatically.",OAuth2,gated,"Requires a Meta developer app, an ad account, and Meta App Review/Business Verification (advanced access) to use most Marketing API permissions in production.","extensive, full platform - REST-based Graph API covering campaigns, ad sets, ads, creatives, audiences, insights/reporting, and more (100+ endpoints/fields)",False,partial,"App Review and Business Verification gating (advanced access, ad account permissions) add friction beyond simple self-serve API key/OAuth signup",https://developers.facebook.com/docs/marketing-apis,high
33,LinkedIn Ads,"Marketing, Ads, Email and Social","REST APIs for creating and managing LinkedIn ad campaigns, creatives, audience targeting, and performance reporting.",OAuth2,gated,"Requires a verified Company Page, an approved developer app, and LinkedIn's manual review/vetting to be granted the Advertising API product before any credentials work.","extensive - full platform of REST APIs (Campaign Management, Creatives, Ad Analytics/Reporting, DMP Segments/audience targeting, Conversions API, Company Intelligence), covering most ad account lifecycle operations",False,partial,"API access requires LinkedIn's manual app review and Advertising API product approval (often 1-4 weeks, rejections common), gating self-serve/free access despite a broad, well-documented API surface.",https://learn.microsoft.com/en-us/linkedin/marketing/overview?view=li-lms-2026-05,high
34,GoHighLevel,"Marketing, Ads, Email and Social","All-in-one CRM/marketing platform (by HighLevel) for managing contacts, funnels, calendars, campaigns, and communications for agencies and their clients.",OAuth2 (Authorization Code Grant with refresh tokens); also supports Private Integration Tokens for direct/location-level access,self-serve,,"extensive, full platform - REST API v2 covering Contacts, Conversations, Opportunities, Calendars, Payments, Workflows, Locations, Custom Fields, etc. (public docs + GitHub repo)",True,yes,,https://marketplace.gohighlevel.com/docs/other/mcp/,high
35,Mailchimp,"Marketing, Ads, Email and Social","Email marketing and marketing automation platform for creating campaigns, audiences, and reports","API key, OAuth2",self-serve,,"extensive, full platform (Marketing API covers lists/audiences, campaigns, automations, templates, reports, e-commerce, plus Transactional/Mandrill API separately)",False,yes,,https://mailchimp.com/developer/marketing/docs/fundamentals/,high
36,Klaviyo,"Marketing, Ads, Email and Social",Email/SMS marketing automation and customer data platform for e-commerce and D2C brands,API key (private key) and OAuth2 for server-side; public key for client-side,self-serve,,"extensive, full platform REST API covering profiles, campaigns, flows, lists, segments, events, metrics, templates, catalogs, and more (100+ endpoints)",True,yes,,https://developers.klaviyo.com/en/docs/klaviyo_mcp_server,high
37,systeme.io,"Marketing, Ads, Email and Social","All-in-one marketing platform for building sales funnels, email campaigns, online courses, and affiliate programs.",API key,self-serve,,"Documented public REST API covering contacts, tags, courses/enrollments, webhooks, and more (moderate breadth, ~30-40 endpoints); some resources like communities and course/student management are still on the public roadmap; no MCP server exists yet.",False,partial,"API coverage is still incomplete for some resources (e.g. communities, deeper course/student management are requested but not yet available), limiting full platform automation.",https://developer.systeme.io/reference,medium
38,Pinterest,"Marketing, Ads, Email and Social","Lets developers manage Pinterest boards, pins, ads campaigns, and analytics programmatically for business accounts.",OAuth2,gated,Apps must submit a request form and pass Pinterest's manual review (trial access) before receiving API credentials; higher 'standard'/advanced access tiers require additional review and business verification.,"extensive - REST API v5 (v5.3.0) covering pins, boards, user accounts, ads/campaigns, catalogs, and analytics; roughly 50+ endpoints",False,partial,"No official Pinterest MCP server; only unofficial community-built ones exist, and API access requires manual trial-app approval plus tiered access escalation for full ads/analytics scopes.",https://developers.pinterest.com/docs/api/v5/,medium
39,Threads (Meta),"Marketing, Ads, Email and Social","Lets developers programmatically publish posts (text/image/video/carousel), manage replies, and retrieve insights/profile data for the Threads social network.",OAuth2,gated,"A Meta developer app can be created for free, but publishing/reading on behalf of any user beyond your own test accounts requires Meta App Review and Business Verification before production access is granted.","narrow-to-moderate, ~15-20 REST (Graph API-style) endpoints covering publishing, replies, insights, and profile management; no GraphQL",False,partial,"Production use requires Meta App Review approval and business verification, limiting immediate self-serve agent access to developer's own test account",https://developers.facebook.com/docs/threads,medium
40,SendGrid,"Marketing, Ads, Email and Social",Cloud-based email delivery platform for sending transactional and marketing emails at scale via API or SMTP,API key,self-serve,,"extensive, full platform - v3 REST API covers mail send, templates, marketing campaigns/contacts, stats, suppressions, webhooks, subusers, IP pools, and more (100+ endpoints)",True,yes,,https://www.twilio.com/docs/sendgrid/api-reference/how-to-use-the-sendgrid-v3-api/authentication,high
41,Shopify,Ecommerce,"Ecommerce platform letting merchants build, run, and scale online stores, with APIs to manage products, orders, customers, and storefronts.",OAuth2 (also token exchange / access tokens for custom apps),self-serve,,"extensive, full platform — GraphQL Admin API (primary, thousands of fields/types across products, orders, customers, inventory, fulfillment, etc.), REST Admin API (legacy, being phased down), Storefront API, and Partner/CLI APIs; official Storefront MCP, Customer Accounts MCP, and Shopify Dev MCP servers already exist",True,yes,,https://shopify.dev/docs/api/usage/authentication,high
42,WooCommerce,Ecommerce,"Open-source WordPress ecommerce plugin whose REST API lets developers manage store data like products, orders, customers, and coupons programmatically","API key (Consumer Key/Secret via OAuth1.0a query auth over HTTP, or Basic Auth over HTTPS)",self-serve,,"extensive, full platform - REST API covers products, variations, orders, refunds, customers, coupons, reports, taxes, shipping, webhooks, and settings (dozens of endpoints); official docs at woocommerce.github.io/woocommerce-rest-api-docs",True,yes,,https://woocommerce.com/document/woocommerce-rest-api/,high
43,BigCommerce,Ecommerce,"Cloud ecommerce platform providing REST/GraphQL APIs to manage products, orders, customers, carts, and storefronts",OAuth2 (app auth) and API key (store-level API accounts with tokens),self-serve,,"extensive, full platform - hundreds of REST endpoints (Catalog, Orders, Customers, Carts/Checkout, Webhooks) plus a GraphQL Storefront API; no official MCP server found yet",False,yes,,https://developer.bigcommerce.com/docs/rest-management,high
44,Salesforce Commerce Cloud,Ecommerce,"Enterprise cloud e-commerce platform (B2C/B2B Commerce Cloud) for building and managing online storefronts, merchandising, checkout, and order management.",OAuth2 (JWT bearer access tokens via Client Credentials or Account Manager; SCAPI/OCAPI API clients),gated,Requires an existing Commerce Cloud org/license and Business Manager admin access to register an API client in Salesforce Account Manager; no free public signup for API credentials,"extensive, full platform - SCAPI (B2C Commerce API) offers Shopper, Admin, and Data APIs (products, baskets, orders, customers, pricing, promotions, etc.) plus legacy OCAPI (deprecated April 2026); dozens of resource endpoints across Shopper/Admin APIs",False,partial,"Requires a provisioned Commerce Cloud sandbox/instance and admin-created API client credentials (no self-serve trial credentials), limiting out-of-the-box agent access",https://developer.salesforce.com/docs/commerce/commerce-api/guide/authorization.html,medium
45,Magento (Adobe Commerce),Ecommerce,"Adobe's enterprise ecommerce platform (Magento Open Source / Adobe Commerce) for building and managing online storefronts, catalogs, orders, and checkout.","OAuth2 (OAuth 1.0a for third-party integrations, Adobe IMS for SaaS/Cloud), token-based Bearer auth, and API keys for admin/customer sessions",self-serve,,"extensive, full platform - documented REST API (hundreds of endpoints across catalog, orders, customers, inventory, CMS) plus a full GraphQL API for storefront queries/mutations; community MCP servers already exist (e.g. magento-mcp, adobe-commerce-dev-mcp, Freento MCP module) and Adobe announced an official MCP server at Summit 2026",True,yes,,https://developer.adobe.com/commerce/webapi/rest/,high
46,Squarespace,Ecommerce,"Squarespace's Commerce APIs let developers manage products, inventory, orders, transactions, profiles, and webhooks for Squarespace-hosted online stores.",OAuth2 (for registered Extensions) and API keys (Bearer token) for merchant-generated access,gated,"API keys can only be generated by a site owner on a paid Squarespace Commerce plan, and OAuth client registration requires submitting an app for Squarespace review/approval as a registered Extension","Documented REST API covering Products, Inventory, Orders, Transactions, Profiles, and Webhook Subscriptions (~6 resource areas, moderate breadth, not a full platform API); no official MCP server, though several third-party/community MCP servers exist",True,partial,"Requires a paid Commerce plan and store setup to get API keys, or a reviewed/approved OAuth Extension registration, limiting free/self-serve access",https://developers.squarespace.com/commerce-apis/authentication-and-permissions,medium
47,Ecwid,Ecommerce,"Ecwid is an ecommerce platform/storefront builder that lets merchants add online stores to websites, marketplaces, and social channels.",OAuth2 (plus long-lived private/public access tokens for custom apps),gated,API access requires the store to be on a paid Ecwid plan (or a free plan upgrade requested from Ecwid for a dev/integration project) before tokens/scopes can be issued,"extensive, full platform - REST API covering products, categories, orders, customers, discounts, storefront, profile, and app market/OAuth endpoints (dozens of resources)",False,partial,"Requires a paid store plan (or manual free-upgrade request) to unlock API access, adding a gating step beyond pure self-serve signup",https://api-docs.ecwid.com/reference/rest-api,medium
48,Gumroad,Ecommerce,"Gumroad lets creators sell digital products, memberships, and services directly to consumers, with an API to manage products, sales, subscribers, and licenses",OAuth2,self-serve,,"documented REST API (v2) covering products, variants, offer codes, sales, subscribers, resource subscriptions, and license verification — narrow-to-moderate, roughly 30-40 endpoints across ~8 resource types; no official or widely-known MCP server exists",False,yes,,https://app.gumroad.com/api,high
49,Amazon Selling Partner,Ecommerce,"Suite of REST APIs (SP-API) letting Amazon sellers and vendors programmatically manage orders, listings, inventory, pricing, reports, and fulfillment.",OAuth2,gated,"Requires a registered Amazon Professional Seller/Vendor account and app registration; public apps need Amazon review/approval (especially for restricted PII data access roles), private apps require self-authorization via Seller/Vendor Central.","extensive, full platform - 30+ API sections (Orders, Listings, Catalog, Reports, Feeds, FBA Inventory, Pricing, Finances, Notifications, etc.) covering hundreds of endpoints",True,partial,"Access requires an active paid Amazon seller/vendor account plus Amazon's app approval/authorization workflow (OAuth via Login with Amazon), which limits pure self-serve trial access for a generic agent toolkit.",https://developer-docs.amazon.com/sp-api/docs/authorizing-selling-partner-api-applications,high
50,fanbasis,Ecommerce,"Payments/checkout platform (rebranded Commas) for creators and merchants, offering checkout pages, subscriptions, funnels, BNPL financing, and payment orchestration.",API key,self-serve,,"Documented REST API (apidocs.fan) covering checkout sessions, customers, subscriptions, discount codes, and webhooks, plus SDKs for Node/Python/PHP/Ruby and a Postman collection — moderate breadth, ~20-30 endpoints, not a full extensive platform",False,yes,,https://apidocs.fan/,medium
51,DataForSEO,"Data, SEO and Scraping","Provides pay-as-you-go REST APIs for SERP scraping, keyword research, backlinks, on-page SEO, and other search/marketing data.",Basic (API login/password via HTTP Basic Auth header),self-serve,,"extensive, full platform - dozens of endpoints across SERP, Keywords Data, Backlinks, On-Page, DataForSEO Labs, Content Analysis, Business Data, Domain Analytics modules",True,yes,,https://docs.dataforseo.com/v3/auth/,high
52,SE Ranking,"Data, SEO and Scraping","SEO platform providing keyword research, rank tracking, backlink analysis, site audits, and SERP/AI-visibility data via REST APIs","API key (token, via Authorization header or token param)",self-serve,,"extensive, full platform - Data API (keyword research, backlinks, domain performance, SERP, site audits, AI visibility) plus Project API (rank tracking, keyword grouping, competitor/AI visibility monitoring) across six documented endpoint groups, all JSON REST",True,yes,,https://seranking.com/api/how-to-get-api/,high
53,Ahrefs,"Data, SEO and Scraping","SEO toolset (Site Explorer, Keywords Explorer, Rank Tracker, Site Audit) with a REST API v3 exposing backlink, keyword, and site-audit data.","API key (Bearer token), with OAuth2 also available for Ahrefs Connect integrations",gated,"API v3 access requires an active Lite-tier or higher paid subscription (Starter and free plans excluded), and keys are managed only by workspace owners/admins","extensive, full platform — covers Site Explorer (backlinks, organic search, referring domains), Keywords Explorer, Rank Tracker, Site Audit, and account/subscription endpoints; consumption metered via API units",False,partial,"No free/trial tier for API access — requires a paid Lite+ subscription and consumes metered API units, limiting frictionless agent onboarding",https://docs.ahrefs.com/docs/api/reference/introduction,medium
54,MrScraper,"Data, SEO and Scraping",AI-assisted no-code web scraper builder that lets users create scrapers via natural language/point-and-click and run them at scale with rotating proxies.,API key (Bearer token),self-serve,,"narrow, single main endpoint (scrapers-ai-rerun) to trigger/rerun scrapers created in the UI plus token management; not a broad general-purpose REST platform",False,partial,"API only reruns scrapers pre-built in the MrScraper UI (no way to define/configure a scraper purely via API), so an agent would still depend on a human-configured scraper before it can call the endpoint",https://docs.mrscraper.com/docs/features/activating-api,medium
55,Apify,"Data, SEO and Scraping","Cloud platform for building, running, and sharing web scrapers and automation tools ('Actors') via API, with a store of thousands of ready-made scrapers.","API key (Bearer token, also supports OAuth for MCP)",self-serve,,"extensive, full platform REST API (Actors, datasets, key-value stores, webhooks, schedules, users, storage) plus official JS/Python API clients",True,yes,,https://docs.apify.com/platform/integrations/mcp,high
56,Firecrawl,"Data, SEO and Scraping","API that turns any website into clean, LLM-ready data via scraping, crawling, mapping, and structured extraction",API key,self-serve,,"extensive: REST API covering scrape, crawl, map, search, batch scrape, and structured extract endpoints, plus SDKs",True,yes,,https://docs.firecrawl.dev/mcp,high
57,Bright Data,"Data, SEO and Scraping","Web data platform providing proxies, web unlocker, scraping APIs, and pre-built datasets for extracting public web data at scale",API key,self-serve,,"extensive, full platform - REST APIs covering Web Scraper/Crawl API, Web Unlocker, Dataset Marketplace, Browser API, SERP API, plus a CLI; official MCP server already exists",True,yes,,https://docs.brightdata.com/api-reference/authentication,high
58,Sherlock,"Data, SEO and Scraping",Open-source Python CLI tool that hunts down social media accounts by username across hundreds of social networks,other,self-serve,,"No official hosted API; it is a local CLI/Python tool run against site-specific URLs, and a community-built experimental Django REST wrapper (sherlock-project/api) exists but has been unmaintained since 2021",False,partial,"No official maintained API or auth model to build against — only a CLI you'd have to wrap yourself, or an abandoned experimental REST project",https://github.com/sherlock-project/sherlock,medium
59,Waterfall.io,"Data, SEO and Scraping","B2B data enrichment API that aggregates 30+ vendors to return verified emails, phone numbers, and company/contact intelligence in real time.",API key,self-serve,,"narrow, ~5-6 REST endpoints (Prospector, Contact Enrichment, Phone Enrichment, Company Enrichment, Email Verification, job-change detection) with async/webhook support; no GraphQL",False,yes,,https://apidocs.waterfall.com/,medium
60,Clay,"Data, SEO and Scraping","Clay is a GTM data enrichment and workflow automation platform that lets users build tables to scrape, enrich, and route contact/company data using 100+ integrated data providers and AI.","API key (Bearer token), with support for Basic Auth and JWT-based flows for custom HTTP API integrations",gated,"Core HTTP API/webhook integrations require a paid Growth plan (~$495/mo), and the full 'Enterprise API' for people/company data is only available on Enterprise contracts (~$30K+/yr); the free tier does not include API/webhook access","Narrow: primarily inbound webhooks to trigger/populate Clay table workflows and an HTTP API step for calling external APIs from within tables; a separate, more limited Enterprise API exists just for people/company data lookups (not a general table CRUD API). No broad public REST/GraphQL platform API.",True,partial,"No full public REST/GraphQL API for managing tables/workflows programmatically—access is webhook/trigger-based and gated behind paid Growth or Enterprise plans; existing MCP server is an unofficial third-party (webhook-wrapping) project, not an official Clay-maintained API",https://university.clay.com/docs/http-api-integration-overview,medium
61,GitHub,"Developer, Infra and Data platforms","Hosts Git repositories and provides collaboration tools (issues, pull requests, actions, packages) for software development",OAuth2 and token (personal access tokens / GitHub App installation tokens),self-serve,,"extensive, full platform - REST API (docs.github.com/rest) covers repos, issues, PRs, actions, packages, orgs, users, webhooks, etc., plus a parallel GraphQL API; thousands of endpoints/fields",True,yes,,https://docs.github.com/en/rest,high
62,Vercel,"Developer, Infra and Data platforms","Cloud platform for deploying and hosting frontend/web applications, providing programmatic control over deployments, projects, domains, and infra.","token (Bearer personal access tokens / API keys), OAuth2 for integrations and the official MCP server",self-serve,,"extensive, full platform — 40+ resource categories (deployments, projects, domains, DNS, teams, env vars, edge config, webhooks, firewall, artifacts, logs, etc.) covering nearly all dashboard functionality",True,yes,,https://vercel.com/docs/rest-api,high
63,Netlify,"Developer, Infra and Data platforms","Netlify is a platform for building, deploying, and hosting web applications and static/serverless sites with CI/CD, edge functions, and CDN.",OAuth2 (for public integrations) and personal access token (Bearer token) for direct API/CLI use,self-serve,,"extensive, full platform - documented REST API (open-api.netlify.com) covering sites, deploys, forms, DNS, functions, env vars, teams, and more; well beyond ~10 endpoints",True,yes,,https://docs.netlify.com/api-and-cli-guides/api-guides/get-started-with-api/,high
64,Cloudflare,"Developer, Infra and Data platforms","Cloudflare provides a global edge network platform (CDN, DNS, security, Workers serverless compute, R2 storage, and more) accessible via a comprehensive REST API.",API key / token (API tokens with scoped permissions; legacy Global API Key; OAuth used for the hosted MCP server),self-serve,,"extensive, full platform - REST API (developers.cloudflare.com/api) covering 2,500+ endpoints across DNS, Workers, R2, KV, D1, Zero Trust, Analytics (GraphQL), and virtually every Cloudflare product",True,yes,,https://developers.cloudflare.com/fundamentals/api/get-started/,high
65,Supabase,"Developer, Infra and Data platforms","Open-source Firebase alternative providing a hosted Postgres database, auth, storage, edge functions, and realtime APIs for building backends.",API key (project anon/service keys) plus OAuth2/personal access tokens for the Management API,self-serve,,"extensive, full platform: auto-generated REST (PostgREST) and GraphQL APIs per project, plus a separate Management REST API covering ~all org/project admin operations (projects, database, auth, storage, functions, secrets)",True,yes,,https://supabase.com/docs/guides/ai-tools/mcp,high
66,Neo4j,"Developer, Infra and Data platforms","Neo4j is a native graph database platform that stores, queries, and analyzes highly connected data using the Cypher query language.",Basic (username/password) and Bearer token,self-serve,,"extensive, full platform - documented HTTP/Query API (Cypher over HTTP, transactions, discovery endpoints), Bolt driver protocol, plus separate Aura management REST API; broader than a narrow single-resource API",True,yes,,https://neo4j.com/docs/query-api/current/authentication-authorization/,high
67,Snowflake,"Developer, Infra and Data platforms","Cloud data platform for data warehousing, engineering, sharing, and AI/ML workloads (Cortex) with a SQL/REST API surface.","OAuth2, token (key-pair JWT / Personal Access Token)",self-serve,,"Extensive, full platform: SQL API for query execution plus REST APIs for account/object management (databases, warehouses, users, tasks), Cortex AI (Analyst, Search, Agents) endpoints, and Snowpark; free trial account gives full API access.",True,yes,,https://docs.snowflake.com/en/developer-guide/snowflake-rest-api/authentication,high
68,MongoDB Atlas,"Developer, Infra and Data platforms","MongoDB Atlas is a fully managed cloud database platform (DBaaS) offering an Administration API to programmatically provision and manage clusters, users, backups, and networking.","API key (HTTP Digest auth, public/private key pair) with OAuth2 via Service Accounts also supported",self-serve,,"extensive, full platform - the Atlas Administration API v2 (REST) covers hundreds of endpoints spanning clusters, projects, users, backups, network access, alerts, billing, search, and more; official SDKs exist for Go, Java, Python, etc.",True,yes,,https://www.mongodb.com/docs/atlas/api/api-authentication/,high
69,Datadog,"Developer, Infra and Data platforms","Cloud monitoring and observability platform for infrastructure metrics, logs, APM traces, and security signals",API key,self-serve,,"extensive, full platform - hundreds of REST endpoints across metrics, logs, APM, monitors, dashboards, incidents, security, and more (docs.datadoghq.com/api/latest/)",True,yes,,https://docs.datadoghq.com/api/latest/authentication/,high
70,Sentry,"Developer, Infra and Data platforms","Application monitoring platform for error tracking, performance monitoring, and debugging of software applications.",API key (personal/organization auth tokens) and OAuth2,self-serve,,"extensive, full platform - REST API with hundreds of endpoints covering projects, issues, events, releases, teams, alerts, and more",True,yes,,https://docs.sentry.io/api/auth/,high
71,Notion,Productivity and Project Management,"All-in-one workspace API for managing pages, databases, blocks, comments, and users in Notion",OAuth2 and API key (internal integration token),self-serve,,"documented REST API, moderate breadth (~20-30 endpoints covering pages, databases, blocks, users, search, comments); official hosted MCP server exists at mcp.notion.com",True,yes,,https://developers.notion.com/guides/mcp/overview,high
72,Airtable,Productivity and Project Management,"Cloud-based spreadsheet-database hybrid for building custom apps, workflows, and relational data tables","OAuth2, token (Personal Access Token via Bearer header)",self-serve,,"extensive, full platform - REST API covering bases, tables, records, fields, views, webhooks, attachments, and metadata (legacy API keys deprecated Feb 2024 in favor of PATs/OAuth)",True,yes,,https://airtable.com/developers/web/api/authentication,high
73,Linear,Productivity and Project Management,"Linear is an issue tracking and project management tool for software teams, offering a full GraphQL API for managing issues, projects, cycles, and workflows.","OAuth2 (PKCE, recommended for third-party apps) and personal API key (Bearer token) for account-level access",self-serve,,"extensive, full platform GraphQL API covering issues, projects, cycles, comments, labels, milestones, initiatives, documents, attachments, webhooks, and more",True,yes,,https://linear.app/developers/graphql,high
74,Jira,Productivity and Project Management,"Jira is Atlassian's issue-tracking and project management tool for planning, tracking, and managing agile software development and business workflows","OAuth2 (3-legged OAuth via Atlassian Identity, OAuth 2.0 3LO for Connect/Forge apps), also supports API tokens with Basic auth for simple integrations",self-serve,,"extensive, full platform - Jira Cloud REST API v3/v2 covers issues, projects, workflows, boards, sprints (Jira Software), users, permissions, webhooks, and JQL search; hundreds of endpoints documented at developer.atlassian.com",True,yes,,https://developer.atlassian.com/cloud/jira/platform/rest/v3/intro/,high
75,Asana,Productivity and Project Management,"Cloud-based work and project management platform for tracking tasks, projects, and team workflows","OAuth2, token (Personal Access Token)",self-serve,,"extensive, full platform - RESTful API covering workspaces, projects, tasks, users, tags, custom fields, portfolios, goals, webhooks, etc.",True,yes,,https://developers.asana.com/docs/authentication,high
76,Monday.com,Productivity and Project Management,"Cloud-based Work OS for managing projects, workflows, and team collaboration via customizable boards.",OAuth2 (for apps/integrations) and personal API tokens (token-based),self-serve,,"extensive, full platform — single GraphQL endpoint (api.monday.com/v2) covering boards, items, columns, users, workspaces, webhooks, and apps/automations",True,yes,,https://developer.monday.com/api-reference/docs/authentication,high
77,ClickUp,Productivity and Project Management,"ClickUp is a cloud-based productivity platform for task/project management, docs, goals, and team collaboration.",API key (personal token) and OAuth2,self-serve,,"extensive, full platform - REST API v2 covering tasks, lists, folders, spaces, docs, goals, time tracking, webhooks, etc.; MCP server already exists",True,yes,,https://developer.clickup.com/docs/authentication,high
78,Coda,Productivity and Project Management,"Coda is an all-in-one doc/spreadsheet/app platform combining documents, tables, and automations for team workflows.",API key (Bearer token),self-serve,,"extensive, full platform - REST API (v1) covering docs, pages, tables, rows, columns, formulas, controls, permissions, folders, publishing, automations, analytics, plus separate Admin API",True,yes,,https://coda.io/developers/apis/v1,high
79,Smartsheet,Productivity and Project Management,"Cloud-based work management and automation platform for tracking projects, workflows, and collaborative spreadsheets/sheets.",OAuth2 (also supports personal access/API tokens),self-serve,,"extensive, full platform - documented REST API covering sheets, rows, columns, cells, attachments, workspaces, reports, dashboards, webhooks, users, and admin resources",True,yes,,https://developers.smartsheet.com/api/smartsheet/introduction,high
80,Harvest,Productivity and Project Management,"Time tracking, invoicing, and expense management software for businesses and freelancers",OAuth2 and Personal Access Token (token),self-serve,,"extensive, full platform - REST API covering time entries, projects, tasks, clients, invoices, estimates, expenses, users, and reports",False,yes,,https://help.getharvest.com/api-v2/authentication-api/authentication/authentication/,high
81,Stripe,Finance and Fintech,"Payment processing platform providing APIs for online payments, billing, subscriptions, and financial infrastructure.","API key (restricted/secret keys), with OAuth2 also supported for Connect platform integrations and the remote MCP server",self-serve,,"extensive, full platform - REST API covering payments, customers, subscriptions, invoices, refunds, disputes, Connect, Billing, and more (hundreds of endpoints)",True,yes,,https://docs.stripe.com/mcp,high
82,Plaid,Finance and Fintech,"Plaid provides APIs that let apps securely connect to users' bank accounts to retrieve balances, transactions, identity, income, and other financial data.","API key (client_id + secret headers), with OAuth2 used in the Plaid Link bank-login flow",gated,"Sandbox/Development credentials are self-serve via the Dashboard, but live Production access to real bank data requires Plaid's approval/compliance review and a pricing agreement","extensive, full platform - dozens of REST endpoints across products (Auth, Identity, Balance, Transactions, Assets, Liabilities, Investments, Income, Transfer, etc.)",False,partial,"Production (real financial data) access is gated behind Plaid's approval/compliance process, not fully self-serve for agent-tooling use",https://plaid.com/docs/api/,medium
83,Binance,Finance and Fintech,"Binance's API platform lets developers programmatically access spot, margin, futures, and other crypto trading services, market data, and account/wallet management.",API key,self-serve,,"extensive, full platform - REST, WebSocket, and FIX APIs covering spot/margin/futures trading, market data, wallet, staking, sub-accounts, and more across dozens of docs pages with hundreds of endpoints",True,yes,,https://developers.binance.com/docs/binance-spot-api-docs/rest-api,high
84,Paygent Connect,Finance and Fintech,"A white-label payment gateway (built on NMI's infrastructure) for processing card payments, tokenized vaulting, and recurring billing.",API key,gated,"API security keys are generated in the merchant control panel, but you must first have an approved NMI/reseller merchant account (typically via an ISO/payment processor partnership), so there's no free/anonymous developer signup.","extensive, full platform - Direct Post/Query APIs, v4 API, Customer Vault (tokenization), recurring billing, and Gateway.js/Payment Component for tokenized checkout",False,partial,Requires a provisioned merchant account and merchant-portal-issued security key before any API access is possible; not something a developer can self-provision without a merchant/reseller relationship,https://docs.nmi.com/reference/authentication,medium
85,iPayX,Finance and Fintech,Forensic FX audit platform that scores international payment transactions against live mid-market rates to surface hidden bank/card FX fees and markups.,API key (Bearer token),self-serve,,"narrow, ~4-10 endpoints (check_fx_rate, audit_transaction, full_forensic_report, compare_fx_sources plus REST API/SDKs) covering FX audit and reporting; enterprise/white-label tier is contact-sales gated",True,yes,,https://www.ipayx.ai/,medium
86,QuickBooks,Finance and Fintech,"QuickBooks Online is Intuit's cloud accounting platform for invoicing, bookkeeping, payments, and financial reporting for small businesses",OAuth2,self-serve,,"extensive, full platform - REST API (Accounting API plus Payments, Payroll add-ons) covering Invoices, Customers, Payments, Bills, Vendors, Reports, and more, with free sandbox companies and webhooks for real-time sync",False,yes,,https://developer.intuit.com/app/developer/qbo/docs/develop,high
87,Xero,Finance and Fintech,"Cloud accounting software for small businesses covering invoicing, bank reconciliation, payroll, and financial reporting.",OAuth2,self-serve,,"extensive, full platform - REST APIs across Accounting, Payroll, Files, Assets, Projects, Payments, and Finance, each with dozens of endpoints",True,yes,,https://developer.xero.com/documentation/guides/oauth2/overview/,high
88,Brex,Finance and Fintech,"Corporate card, spend management, and expense platform providing APIs for transactions, cards, expenses, budgets, and payments",OAuth2 (authorization code / client credentials) and static API key (bearer token),gated,"API tokens require an Account Admin or Card Admin role on an existing paid Brex account, and OAuth partner integrations require Brex approval of redirect URIs/client credentials","extensive, full platform - REST API covering transactions, cards, expenses, budgets, users, payments, accounting, and onboarding, plus scopes system; an official first-party MCP server also exists",True,yes,,https://developer.brex.com/docs/mcp,high
89,Ramp,Finance and Fintech,"Ramp is a corporate card and spend management platform providing APIs for transactions, cards, reimbursements, accounting, bills, and users.",OAuth2 (client credentials and authorization code grants),gated,"Requires an existing Ramp business account, and only Admin or Business Owner roles can create a developer app and grant OAuth2 scopes (sandbox access is available but tied to a Ramp customer account).","extensive - full platform covering transactions, cards, reimbursements, bills, accounting, users, limits, and more, documented as versioned REST API (v1)",False,partial,"Admin approval and an active Ramp business account are needed to provision OAuth2 credentials, limiting self-serve access for independent developers",https://docs.ramp.com/developer-api/v1/authorization/oauth,medium
90,PitchBook,Finance and Fintech,"Provides private/public market financial data (companies, deals, investors, funds, LPs, valuations) via a research platform and data API.",API key,gated,"API requires a separate paid contract, account-manager approval, and a requested sandbox key — no public self-signup.","documented REST API (PB-Token auth, api.pitchbook.com) with relational endpoints across deals, companies, investors, funds, people, LPs, service providers — moderately broad but credit-metered and contract-gated; no MCP server found",False,partial,Requires existing PitchBook client status plus a separate paid API contract and account-manager-issued sandbox key before any integration work can start.,https://pitchbook.com/help/PitchBook-api,medium
91,NotebookLM,"AI, Research and Media-native","Enterprise version of Google's AI notebook/research assistant that lets users upload documents and data sources to generate summaries, Q&A, and audio overviews grounded in their own content.",OAuth2 (Google Cloud IAM / service account credentials),gated,"Requires a paid NotebookLM Enterprise or Gemini Enterprise license tied to a Google Cloud project with billing/IAM setup, not a free self-serve API key.","narrow, ~10-15 endpoints (notebooks.create, sources management, batch upload) via google.cloud.notebooklm.v1alpha REST/gRPC API, plus Gemini Enterprise integration endpoints",False,partial,Requires paid Google Cloud enterprise licensing and IAM-based project setup before any API access is possible; no free tier or public MCP server exists yet,https://docs.cloud.google.com/gemini/enterprise/notebooklm-enterprise/docs/api-notebooks,medium
92,Otter AI,"AI, Research and Media-native","AI meeting assistant that records, transcribes, and summarizes conversations with action items and insights",API key (Bearer token),gated,Public API is in beta and restricted to Enterprise plan customers who must contact their Otter account manager to enable access and generate a token,"narrow-to-moderate, documented REST API (beta) covering channels, conversations, transcripts, audio, action items, insights, outlines, and workspace details with cursor-based pagination and rate limits (~10 req/s); an official Otter MCP Server also exists for Enterprise customers",True,partial,API and MCP server require an Enterprise plan plus manual enablement via account manager; no self-serve trial keys available,https://help.otter.ai/hc/en-us/articles/36130822688279-Otter-ai-Public-API,medium
93,Fathom,"AI, Research and Media-native","AI meeting recorder/notetaker that records, transcribes, and summarizes video calls, generating action items and CRM-ready notes.",API key,self-serve,,"Documented REST API at api.fathom.ai/external/v1 (developers.fathom.ai) covering meetings, recordings/transcripts, summaries, action items, teams, and webhooks — narrow-to-moderate, roughly a dozen endpoints plus webhook registration; TypeScript/Python SDKs provided.",True,yes,,https://developers.fathom.ai/quickstart,high
94,Consensus,"AI, Research and Media-native",AI-powered search engine that finds and synthesizes answers from peer-reviewed research papers,"API key (REST), OAuth2 (MCP server)",gated,"API access is 'by application only' with per-call pricing plus a platform fee, requiring a custom quote/approval rather than free self-service signup","narrow, single documented v1 quick_search endpoint (api.consensus.app/v1/quick_search) plus a hosted MCP server at mcp.consensus.app/mcp",True,partial,"Official REST API requires applying and getting a custom quote/approval (not self-serve free tier), though a hosted OAuth-based MCP server already exists",https://docs.consensus.app/reference,medium
95,Reducto,"AI, Research and Media-native","Agentic document intelligence platform providing APIs for parsing, splitting, extracting, editing, and classifying complex documents (PDFs, scans, tables) into LLM-ready structured data.",API key,self-serve,,"extensive, full platform — documented REST API (public OpenAPI 3.1 spec) with Parse, Extract, Split, Edit, Classify, Pipeline, Cite endpoints plus async/job variants and an Upload API; official Python/Node SDKs",True,yes,,https://docs.reducto.ai/quickstart,high
96,Devin,"AI, Research and Media-native","Devin is an autonomous AI software engineer that plans, writes, tests, and ships code, exposed via a REST API and MCP server for programmatic session/task management.","API key (Bearer token, cog_ prefix; service-user keys or personal access tokens)",gated,API/MCP access requires a paid Team ($80+/mo) or Enterprise plan; the free and individual Pro tiers do not include API access.,"documented REST API (v1/v2/v3, 'External API') covering sessions, playbooks, knowledge base, integrations, API keys - moderate breadth, full platform management rather than just core coding tasks; official first-party MCP server (mcp.devin.ai) already wraps it",True,partial,Requires purchasing/upgrading to a paid Team or Enterprise plan to unlock API/MCP access; no free or trial path to credentials,https://docs.devin.ai/work-with-devin/devin-mcp,high
97,higgsfield,"AI, Research and Media-native","AI content-generation platform/CLI for creating cinematic images, videos, 3D assets, and audio via 40+ generative models, usable by developers and AI agents.","API key (key + secret pair, Bearer/env-var based)",self-serve,,"Documented REST API (Higgsfield Cloud API) with official Python and Node.js/TypeScript SDKs and a CLI wrapping generation endpoints (image, video, 3D, audio, analysis) across 40+ models — moderate breadth, not a huge platform but broader than a single-endpoint tool.",True,yes,,https://cloud.higgsfield.ai/api-keys,medium
98,Mermaid CLI,"AI, Research and Media-native","Command-line tool (mmdc) that renders Mermaid diagram definition files into SVG, PNG, or PDF using a headless Chromium/Puppeteer instance.",other,self-serve,,"No hosted REST/GraphQL API - it's a local npm CLI/Node.js library (@mermaid-js/mermaid-cli) invoked as a subprocess or imported programmatically; input/output is via files or stdio, not network endpoints. An MCP server already exists (e.g. peng-shawn/mermaid-mcp-server) wrapping this exact rendering functionality.",True,yes,,https://github.com/mermaid-js/mermaid-cli/blob/master/README.md,high
99,YouTube Transcript,"AI, Research and Media-native","REST API for extracting YouTube video transcripts, plus search, channel, and playlist data.",API key (Bearer token),self-serve,,"narrow, ~6 documented REST endpoints (transcripts, search, channel search/browse/latest, playlist extraction)",True,yes,,https://transcriptapi.com/docs/api/,high
100,Grain,"AI, Research and Media-native","Grain records, transcribes, and uses AI to summarize video meetings, extracting notes, highlights, and insights for sales and product teams.",OAuth2 (Authorization Code + PKCE) and API key,gated,"API/OAuth client registration and full API access require a paid Grain plan (Business/Enterprise tier), not available on free accounts","documented REST API (developers.grain.com) covering recordings, highlights, insights, views, and webhooks — narrow-to-moderate, not a full platform; no MCP server found",False,partial,API access gated behind paid plan tiers and OAuth app approval; no existing MCP server to build on,https://developers.grain.com/,medium
